{
  "name": "Volo.Abp.FeatureManagement.Domain",
  "hash": "",
  "contents": [
    {
      "namespace": "Volo.Abp.FeatureManagement",
      "dependsOnModules": [
        {
          "declaringAssemblyName": "Volo.Abp.FeatureManagement.Domain.Shared",
          "namespace": "Volo.Abp.FeatureManagement",
          "name": "AbpFeatureManagementDomainSharedModule"
        },
        {
          "declaringAssemblyName": "Volo.Abp.Features",
          "namespace": "Volo.Abp.Features",
          "name": "AbpFeaturesModule"
        },
        {
          "declaringAssemblyName": "Volo.Abp.Caching",
          "namespace": "Volo.Abp.Caching",
          "name": "AbpCachingModule"
        }
      ],
      "implementingInterfaces": [
        {
          "name": "IAbpModule",
          "namespace": "Volo.Abp.Modularity",
          "declaringAssemblyName": "Volo.Abp.Core",
          "fullName": "Volo.Abp.Modularity.IAbpModule"
        },
        {
          "name": "IOnPreApplicationInitialization",
          "namespace": "Volo.Abp.Modularity",
          "declaringAssemblyName": "Volo.Abp.Core",
          "fullName": "Volo.Abp.Modularity.IOnPreApplicationInitialization"
        },
        {
          "name": "IOnApplicationInitialization",
          "namespace": "Volo.Abp",
          "declaringAssemblyName": "Volo.Abp.Core",
          "fullName": "Volo.Abp.IOnApplicationInitialization"
        },
        {
          "name": "IOnPostApplicationInitialization",
          "namespace": "Volo.Abp.Modularity",
          "declaringAssemblyName": "Volo.Abp.Core",
          "fullName": "Volo.Abp.Modularity.IOnPostApplicationInitialization"
        },
        {
          "name": "IOnApplicationShutdown",
          "namespace": "Volo.Abp",
          "declaringAssemblyName": "Volo.Abp.Core",
          "fullName": "Volo.Abp.IOnApplicationShutdown"
        },
        {
          "name": "IPreConfigureServices",
          "namespace": "Volo.Abp.Modularity",
          "declaringAssemblyName": "Volo.Abp.Core",
          "fullName": "Volo.Abp.Modularity.IPreConfigureServices"
        },
        {
          "name": "IPostConfigureServices",
          "namespace": "Volo.Abp.Modularity",
          "declaringAssemblyName": "Volo.Abp.Core",
          "fullName": "Volo.Abp.Modularity.IPostConfigureServices"
        }
      ],
      "contentType": "abpModule",
      "name": "AbpFeatureManagementDomainModule",
      "summary": null
    },
    {
      "baseClass": {
        "name": "BasicAggregateRoot<Guid>",
        "namespace": "Volo.Abp.Domain.Entities",
        "declaringAssemblyName": "Volo.Abp.Ddd.Domain",
        "fullName": "Volo.Abp.Domain.Entities.BasicAggregateRoot<Guid>"
      },
      "implementingInterfaces": [
        {
          "name": "IEntity",
          "namespace": "Volo.Abp.Domain.Entities",
          "declaringAssemblyName": "Volo.Abp.Ddd.Domain",
          "fullName": "Volo.Abp.Domain.Entities.IEntity"
        },
        {
          "name": "IEntity<Guid>",
          "namespace": "Volo.Abp.Domain.Entities",
          "declaringAssemblyName": "Volo.Abp.Ddd.Domain",
          "fullName": "Volo.Abp.Domain.Entities.IEntity<Guid>"
        },
        {
          "name": "IAggregateRoot<Guid>",
          "namespace": "Volo.Abp.Domain.Entities",
          "declaringAssemblyName": "Volo.Abp.Ddd.Domain",
          "fullName": "Volo.Abp.Domain.Entities.IAggregateRoot<Guid>"
        },
        {
          "name": "IAggregateRoot",
          "namespace": "Volo.Abp.Domain.Entities",
          "declaringAssemblyName": "Volo.Abp.Ddd.Domain",
          "fullName": "Volo.Abp.Domain.Entities.IAggregateRoot"
        },
        {
          "name": "IGeneratesDomainEvents",
          "namespace": "Volo.Abp.Domain.Entities",
          "declaringAssemblyName": "Volo.Abp.Ddd.Domain",
          "fullName": "Volo.Abp.Domain.Entities.IGeneratesDomainEvents"
        },
        {
          "name": "IHasExtraProperties",
          "namespace": "Volo.Abp.Data",
          "declaringAssemblyName": "Volo.Abp.ObjectExtending",
          "fullName": "Volo.Abp.Data.IHasExtraProperties"
        }
      ],
      "methods": [
        {
          "returnType": "Boolean",
          "namespace": "Volo.Abp.FeatureManagement",
          "name": "HasSameData",
          "summary": null,
          "isAsync": false,
          "isPublic": true,
          "isPrivate": false,
          "isStatic": false,
          "parameters": [
            {
              "type": "FeatureDefinitionRecord",
              "name": "otherRecord",
              "isOptional": false
            }
          ]
        },
        {
          "returnType": "Void",
          "namespace": "Volo.Abp.FeatureManagement",
          "name": "Patch",
          "summary": null,
          "isAsync": false,
          "isPublic": true,
          "isPrivate": false,
          "isStatic": false,
          "parameters": [
            {
              "type": "FeatureDefinitionRecord",
              "name": "otherRecord",
              "isOptional": false
            }
          ]
        }
      ],
      "collectionProperties": {},
      "navigationProperties": {},
      "namespace": "Volo.Abp.FeatureManagement",
      "primaryKeyType": "Guid",
      "properties": [
        {
          "type": "System.String",
          "name": "GroupName",
          "summary": null
        },
        {
          "type": "System.String",
          "name": "Name",
          "summary": null
        },
        {
          "type": "System.String",
          "name": "ParentName",
          "summary": null
        },
        {
          "type": "System.String",
          "name": "DisplayName",
          "summary": null
        },
        {
          "type": "System.String",
          "name": "Description",
          "summary": null
        },
        {
          "type": "System.String",
          "name": "DefaultValue",
          "summary": null
        },
        {
          "type": "System.Boolean",
          "name": "IsVisibleToClients",
          "summary": null
        },
        {
          "type": "System.Boolean",
          "name": "IsAvailableToHost",
          "summary": null
        },
        {
          "type": "System.String",
          "name": "AllowedProviders",
          "summary": "Comma separated list of provider names."
        },
        {
          "type": "System.String",
          "name": "ValueType",
          "summary": "Serialized string to store info about the ValueType."
        },
        {
          "type": "Volo.Abp.Data.ExtraPropertyDictionary",
          "name": "ExtraProperties",
          "summary": null
        }
      ],
      "contentType": "aggregateRoot",
      "name": "FeatureDefinitionRecord",
      "summary": null
    },
    {
      "baseClass": {
        "name": "BasicAggregateRoot<Guid>",
        "namespace": "Volo.Abp.Domain.Entities",
        "declaringAssemblyName": "Volo.Abp.Ddd.Domain",
        "fullName": "Volo.Abp.Domain.Entities.BasicAggregateRoot<Guid>"
      },
      "implementingInterfaces": [
        {
          "name": "IEntity",
          "namespace": "Volo.Abp.Domain.Entities",
          "declaringAssemblyName": "Volo.Abp.Ddd.Domain",
          "fullName": "Volo.Abp.Domain.Entities.IEntity"
        },
        {
          "name": "IEntity<Guid>",
          "namespace": "Volo.Abp.Domain.Entities",
          "declaringAssemblyName": "Volo.Abp.Ddd.Domain",
          "fullName": "Volo.Abp.Domain.Entities.IEntity<Guid>"
        },
        {
          "name": "IAggregateRoot<Guid>",
          "namespace": "Volo.Abp.Domain.Entities",
          "declaringAssemblyName": "Volo.Abp.Ddd.Domain",
          "fullName": "Volo.Abp.Domain.Entities.IAggregateRoot<Guid>"
        },
        {
          "name": "IAggregateRoot",
          "namespace": "Volo.Abp.Domain.Entities",
          "declaringAssemblyName": "Volo.Abp.Ddd.Domain",
          "fullName": "Volo.Abp.Domain.Entities.IAggregateRoot"
        },
        {
          "name": "IGeneratesDomainEvents",
          "namespace": "Volo.Abp.Domain.Entities",
          "declaringAssemblyName": "Volo.Abp.Ddd.Domain",
          "fullName": "Volo.Abp.Domain.Entities.IGeneratesDomainEvents"
        },
        {
          "name": "IHasExtraProperties",
          "namespace": "Volo.Abp.Data",
          "declaringAssemblyName": "Volo.Abp.ObjectExtending",
          "fullName": "Volo.Abp.Data.IHasExtraProperties"
        }
      ],
      "methods": [
        {
          "returnType": "Boolean",
          "namespace": "Volo.Abp.FeatureManagement",
          "name": "HasSameData",
          "summary": null,
          "isAsync": false,
          "isPublic": true,
          "isPrivate": false,
          "isStatic": false,
          "parameters": [
            {
              "type": "FeatureGroupDefinitionRecord",
              "name": "otherRecord",
              "isOptional": false
            }
          ]
        },
        {
          "returnType": "Void",
          "namespace": "Volo.Abp.FeatureManagement",
          "name": "Patch",
          "summary": null,
          "isAsync": false,
          "isPublic": true,
          "isPrivate": false,
          "isStatic": false,
          "parameters": [
            {
              "type": "FeatureGroupDefinitionRecord",
              "name": "otherRecord",
              "isOptional": false
            }
          ]
        }
      ],
      "collectionProperties": {},
      "navigationProperties": {},
      "namespace": "Volo.Abp.FeatureManagement",
      "primaryKeyType": "Guid",
      "properties": [
        {
          "type": "System.String",
          "name": "Name",
          "summary": null
        },
        {
          "type": "System.String",
          "name": "DisplayName",
          "summary": null
        },
        {
          "type": "Volo.Abp.Data.ExtraPropertyDictionary",
          "name": "ExtraProperties",
          "summary": null
        }
      ],
      "contentType": "aggregateRoot",
      "name": "FeatureGroupDefinitionRecord",
      "summary": null
    },
    {
      "baseClass": {
        "name": "Entity<Guid>",
        "namespace": "Volo.Abp.Domain.Entities",
        "declaringAssemblyName": "Volo.Abp.Ddd.Domain",
        "fullName": "Volo.Abp.Domain.Entities.Entity<Guid>"
      },
      "implementingInterfaces": [
        {
          "name": "IEntity",
          "namespace": "Volo.Abp.Domain.Entities",
          "declaringAssemblyName": "Volo.Abp.Ddd.Domain",
          "fullName": "Volo.Abp.Domain.Entities.IEntity"
        },
        {
          "name": "IEntity<Guid>",
          "namespace": "Volo.Abp.Domain.Entities",
          "declaringAssemblyName": "Volo.Abp.Ddd.Domain",
          "fullName": "Volo.Abp.Domain.Entities.IEntity<Guid>"
        },
        {
          "name": "IAggregateRoot<Guid>",
          "namespace": "Volo.Abp.Domain.Entities",
          "declaringAssemblyName": "Volo.Abp.Ddd.Domain",
          "fullName": "Volo.Abp.Domain.Entities.IAggregateRoot<Guid>"
        },
        {
          "name": "IAggregateRoot",
          "namespace": "Volo.Abp.Domain.Entities",
          "declaringAssemblyName": "Volo.Abp.Ddd.Domain",
          "fullName": "Volo.Abp.Domain.Entities.IAggregateRoot"
        }
      ],
      "methods": [],
      "collectionProperties": {},
      "navigationProperties": {},
      "namespace": "Volo.Abp.FeatureManagement",
      "primaryKeyType": "Guid",
      "properties": [
        {
          "type": "System.String",
          "name": "Name",
          "summary": null
        },
        {
          "type": "System.String",
          "name": "Value",
          "summary": null
        },
        {
          "type": "System.String",
          "name": "ProviderName",
          "summary": null
        },
        {
          "type": "System.String",
          "name": "ProviderKey",
          "summary": null
        }
      ],
      "contentType": "aggregateRoot",
      "name": "FeatureValue",
      "summary": null
    },
    {
      "namespace": "Volo.Abp.FeatureManagement",
      "entityAnalyzeModel": {
        "namespace": "Volo.Abp.FeatureManagement",
        "primaryKeyType": "Guid",
        "properties": [],
        "contentType": "entity",
        "name": "FeatureDefinitionRecord",
        "summary": null
      },
      "implementingInterfaces": [
        {
          "name": "IBasicRepository<FeatureDefinitionRecord, Guid>",
          "namespace": "Volo.Abp.Domain.Repositories",
          "declaringAssemblyName": "Volo.Abp.Ddd.Domain",
          "fullName": "Volo.Abp.Domain.Repositories.IBasicRepository<FeatureDefinitionRecord, Guid>"
        },
        {
          "name": "IBasicRepository<FeatureDefinitionRecord>",
          "namespace": "Volo.Abp.Domain.Repositories",
          "declaringAssemblyName": "Volo.Abp.Ddd.Domain",
          "fullName": "Volo.Abp.Domain.Repositories.IBasicRepository<FeatureDefinitionRecord>"
        },
        {
          "name": "IReadOnlyBasicRepository<FeatureDefinitionRecord>",
          "namespace": "Volo.Abp.Domain.Repositories",
          "declaringAssemblyName": "Volo.Abp.Ddd.Domain",
          "fullName": "Volo.Abp.Domain.Repositories.IReadOnlyBasicRepository<FeatureDefinitionRecord>"
        },
        {
          "name": "IRepository",
          "namespace": "Volo.Abp.Domain.Repositories",
          "declaringAssemblyName": "Volo.Abp.Ddd.Domain",
          "fullName": "Volo.Abp.Domain.Repositories.IRepository"
        },
        {
          "name": "IReadOnlyBasicRepository<FeatureDefinitionRecord, Guid>",
          "namespace": "Volo.Abp.Domain.Repositories",
          "declaringAssemblyName": "Volo.Abp.Ddd.Domain",
          "fullName": "Volo.Abp.Domain.Repositories.IReadOnlyBasicRepository<FeatureDefinitionRecord, Guid>"
        }
      ],
      "methods": [
        {
          "returnType": "FeatureDefinitionRecord",
          "namespace": "Volo.Abp.FeatureManagement",
          "name": "FindByNameAsync",
          "summary": null,
          "isAsync": true,
          "isPublic": true,
          "isPrivate": false,
          "isStatic": false,
          "parameters": [
            {
              "type": "String",
              "name": "name",
              "isOptional": false
            },
            {
              "type": "CancellationToken",
              "name": "cancellationToken",
              "isOptional": true
            }
          ]
        }
      ],
      "contentType": "repositoryInterface",
      "name": "IFeatureDefinitionRecordRepository",
      "summary": null
    },
    {
      "namespace": "Volo.Abp.FeatureManagement",
      "entityAnalyzeModel": {
        "namespace": "Volo.Abp.FeatureManagement",
        "primaryKeyType": "Guid",
        "properties": [],
        "contentType": "entity",
        "name": "FeatureGroupDefinitionRecord",
        "summary": null
      },
      "implementingInterfaces": [
        {
          "name": "IBasicRepository<FeatureGroupDefinitionRecord, Guid>",
          "namespace": "Volo.Abp.Domain.Repositories",
          "declaringAssemblyName": "Volo.Abp.Ddd.Domain",
          "fullName": "Volo.Abp.Domain.Repositories.IBasicRepository<FeatureGroupDefinitionRecord, Guid>"
        },
        {
          "name": "IBasicRepository<FeatureGroupDefinitionRecord>",
          "namespace": "Volo.Abp.Domain.Repositories",
          "declaringAssemblyName": "Volo.Abp.Ddd.Domain",
          "fullName": "Volo.Abp.Domain.Repositories.IBasicRepository<FeatureGroupDefinitionRecord>"
        },
        {
          "name": "IReadOnlyBasicRepository<FeatureGroupDefinitionRecord>",
          "namespace": "Volo.Abp.Domain.Repositories",
          "declaringAssemblyName": "Volo.Abp.Ddd.Domain",
          "fullName": "Volo.Abp.Domain.Repositories.IReadOnlyBasicRepository<FeatureGroupDefinitionRecord>"
        },
        {
          "name": "IRepository",
          "namespace": "Volo.Abp.Domain.Repositories",
          "declaringAssemblyName": "Volo.Abp.Ddd.Domain",
          "fullName": "Volo.Abp.Domain.Repositories.IRepository"
        },
        {
          "name": "IReadOnlyBasicRepository<FeatureGroupDefinitionRecord, Guid>",
          "namespace": "Volo.Abp.Domain.Repositories",
          "declaringAssemblyName": "Volo.Abp.Ddd.Domain",
          "fullName": "Volo.Abp.Domain.Repositories.IReadOnlyBasicRepository<FeatureGroupDefinitionRecord, Guid>"
        }
      ],
      "methods": [],
      "contentType": "repositoryInterface",
      "name": "IFeatureGroupDefinitionRecordRepository",
      "summary": null
    },
    {
      "namespace": "Volo.Abp.FeatureManagement",
      "entityAnalyzeModel": {
        "namespace": "Volo.Abp.FeatureManagement",
        "primaryKeyType": "Guid",
        "properties": [],
        "contentType": "entity",
        "name": "FeatureValue",
        "summary": null
      },
      "implementingInterfaces": [
        {
          "name": "IBasicRepository<FeatureValue, Guid>",
          "namespace": "Volo.Abp.Domain.Repositories",
          "declaringAssemblyName": "Volo.Abp.Ddd.Domain",
          "fullName": "Volo.Abp.Domain.Repositories.IBasicRepository<FeatureValue, Guid>"
        },
        {
          "name": "IBasicRepository<FeatureValue>",
          "namespace": "Volo.Abp.Domain.Repositories",
          "declaringAssemblyName": "Volo.Abp.Ddd.Domain",
          "fullName": "Volo.Abp.Domain.Repositories.IBasicRepository<FeatureValue>"
        },
        {
          "name": "IReadOnlyBasicRepository<FeatureValue>",
          "namespace": "Volo.Abp.Domain.Repositories",
          "declaringAssemblyName": "Volo.Abp.Ddd.Domain",
          "fullName": "Volo.Abp.Domain.Repositories.IReadOnlyBasicRepository<FeatureValue>"
        },
        {
          "name": "IRepository",
          "namespace": "Volo.Abp.Domain.Repositories",
          "declaringAssemblyName": "Volo.Abp.Ddd.Domain",
          "fullName": "Volo.Abp.Domain.Repositories.IRepository"
        },
        {
          "name": "IReadOnlyBasicRepository<FeatureValue, Guid>",
          "namespace": "Volo.Abp.Domain.Repositories",
          "declaringAssemblyName": "Volo.Abp.Ddd.Domain",
          "fullName": "Volo.Abp.Domain.Repositories.IReadOnlyBasicRepository<FeatureValue, Guid>"
        }
      ],
      "methods": [
        {
          "returnType": "FeatureValue",
          "namespace": "Volo.Abp.FeatureManagement",
          "name": "FindAsync",
          "summary": null,
          "isAsync": true,
          "isPublic": true,
          "isPrivate": false,
          "isStatic": false,
          "parameters": [
            {
              "type": "String",
              "name": "name",
              "isOptional": false
            },
            {
              "type": "String",
              "name": "providerName",
              "isOptional": false
            },
            {
              "type": "String",
              "name": "providerKey",
              "isOptional": false
            },
            {
              "type": "CancellationToken",
              "name": "cancellationToken",
              "isOptional": true
            }
          ]
        },
        {
          "returnType": "List<FeatureValue>",
          "namespace": "Volo.Abp.FeatureManagement",
          "name": "FindAllAsync",
          "summary": null,
          "isAsync": true,
          "isPublic": true,
          "isPrivate": false,
          "isStatic": false,
          "parameters": [
            {
              "type": "String",
              "name": "name",
              "isOptional": false
            },
            {
              "type": "String",
              "name": "providerName",
              "isOptional": false
            },
            {
              "type": "String",
              "name": "providerKey",
              "isOptional": false
            },
            {
              "type": "CancellationToken",
              "name": "cancellationToken",
              "isOptional": true
            }
          ]
        },
        {
          "returnType": "List<FeatureValue>",
          "namespace": "Volo.Abp.FeatureManagement",
          "name": "GetListAsync",
          "summary": null,
          "isAsync": true,
          "isPublic": true,
          "isPrivate": false,
          "isStatic": false,
          "parameters": [
            {
              "type": "String",
              "name": "providerName",
              "isOptional": false
            },
            {
              "type": "String",
              "name": "providerKey",
              "isOptional": false
            },
            {
              "type": "CancellationToken",
              "name": "cancellationToken",
              "isOptional": true
            }
          ]
        },
        {
          "returnType": "Void",
          "namespace": "Volo.Abp.FeatureManagement",
          "name": "DeleteAsync",
          "summary": null,
          "isAsync": true,
          "isPublic": true,
          "isPrivate": false,
          "isStatic": false,
          "parameters": [
            {
              "type": "String",
              "name": "providerName",
              "isOptional": false
            },
            {
              "type": "String",
              "name": "providerKey",
              "isOptional": false
            },
            {
              "type": "CancellationToken",
              "name": "cancellationToken",
              "isOptional": true
            }
          ]
        }
      ],
      "contentType": "repositoryInterface",
      "name": "IFeatureValueRepository",
      "summary": null
    },
    {
      "eventHandlerType": "Local",
      "namespace": "Volo.Abp.FeatureManagement",
      "subscribedEvents": [
        {
          "underlyingType": {
            "name": "FeatureValue",
            "namespace": "Volo.Abp.FeatureManagement",
            "declaringAssemblyName": "Volo.Abp.FeatureManagement.Domain",
            "fullName": "Volo.Abp.FeatureManagement.FeatureValue"
          },
          "name": "EntityChangedEventData`1",
          "namespace": "Volo.Abp.Domain.Entities.Events",
          "declaringAssemblyName": "Volo.Abp.Ddd.Domain",
          "fullName": "Volo.Abp.Domain.Entities.Events.EntityChangedEventData`1"
        }
      ],
      "implementingInterfaces": [
        {
          "name": "ILocalEventHandler<EntityChangedEventData`1>",
          "namespace": "Volo.Abp.EventBus",
          "declaringAssemblyName": "Volo.Abp.EventBus.Abstractions",
          "fullName": "Volo.Abp.EventBus.ILocalEventHandler<EntityChangedEventData`1>"
        },
        {
          "name": "IEventHandler",
          "namespace": "Volo.Abp.EventBus",
          "declaringAssemblyName": "Volo.Abp.EventBus.Abstractions",
          "fullName": "Volo.Abp.EventBus.IEventHandler"
        },
        {
          "name": "ITransientDependency",
          "namespace": "Volo.Abp.DependencyInjection",
          "declaringAssemblyName": "Volo.Abp.Core",
          "fullName": "Volo.Abp.DependencyInjection.ITransientDependency"
        }
      ],
      "contentType": "eventHandler",
      "name": "FeatureValueCacheItemInvalidator",
      "summary": null
    }
  ]
}