{
  "name": "Volo.Abp.Identity.EntityFrameworkCore",
  "hash": "",
  "contents": [
    {
      "namespace": "Volo.Abp.Identity.EntityFrameworkCore",
      "dependsOnModules": [
        {
          "declaringAssemblyName": "Volo.Abp.Identity.Domain",
          "namespace": "Volo.Abp.Identity",
          "name": "AbpIdentityDomainModule"
        },
        {
          "declaringAssemblyName": "Volo.Abp.Users.EntityFrameworkCore",
          "namespace": "Volo.Abp.Users.EntityFrameworkCore",
          "name": "AbpUsersEntityFrameworkCoreModule"
        }
      ],
      "implementingInterfaces": [
        {
          "name": "IAbpModule",
          "namespace": "Volo.Abp.Modularity",
          "declaringAssemblyName": "Volo.Abp.Core",
          "fullName": "Volo.Abp.Modularity.IAbpModule"
        },
        {
          "name": "IOnPreApplicationInitialization",
          "namespace": "Volo.Abp.Modularity",
          "declaringAssemblyName": "Volo.Abp.Core",
          "fullName": "Volo.Abp.Modularity.IOnPreApplicationInitialization"
        },
        {
          "name": "IOnApplicationInitialization",
          "namespace": "Volo.Abp",
          "declaringAssemblyName": "Volo.Abp.Core",
          "fullName": "Volo.Abp.IOnApplicationInitialization"
        },
        {
          "name": "IOnPostApplicationInitialization",
          "namespace": "Volo.Abp.Modularity",
          "declaringAssemblyName": "Volo.Abp.Core",
          "fullName": "Volo.Abp.Modularity.IOnPostApplicationInitialization"
        },
        {
          "name": "IOnApplicationShutdown",
          "namespace": "Volo.Abp",
          "declaringAssemblyName": "Volo.Abp.Core",
          "fullName": "Volo.Abp.IOnApplicationShutdown"
        },
        {
          "name": "IPreConfigureServices",
          "namespace": "Volo.Abp.Modularity",
          "declaringAssemblyName": "Volo.Abp.Core",
          "fullName": "Volo.Abp.Modularity.IPreConfigureServices"
        },
        {
          "name": "IPostConfigureServices",
          "namespace": "Volo.Abp.Modularity",
          "declaringAssemblyName": "Volo.Abp.Core",
          "fullName": "Volo.Abp.Modularity.IPostConfigureServices"
        }
      ],
      "contentType": "abpModule",
      "name": "AbpIdentityEntityFrameworkCoreModule",
      "summary": null
    },
    {
      "namespace": "Volo.Abp.Identity.EntityFrameworkCore",
      "connectionStringName": "AbpIdentity",
      "databaseTables": [
        {
          "entityFullName": "Volo.Abp.Identity.IdentityUser",
          "contentType": "databaseTable",
          "name": "Users",
          "summary": null
        },
        {
          "entityFullName": "Volo.Abp.Identity.IdentityRole",
          "contentType": "databaseTable",
          "name": "Roles",
          "summary": null
        },
        {
          "entityFullName": "Volo.Abp.Identity.IdentityClaimType",
          "contentType": "databaseTable",
          "name": "ClaimTypes",
          "summary": null
        },
        {
          "entityFullName": "Volo.Abp.Identity.OrganizationUnit",
          "contentType": "databaseTable",
          "name": "OrganizationUnits",
          "summary": null
        },
        {
          "entityFullName": "Volo.Abp.Identity.IdentitySecurityLog",
          "contentType": "databaseTable",
          "name": "SecurityLogs",
          "summary": null
        },
        {
          "entityFullName": "Volo.Abp.Identity.IdentityLinkUser",
          "contentType": "databaseTable",
          "name": "LinkUsers",
          "summary": null
        },
        {
          "entityFullName": "Volo.Abp.Identity.IdentityUserDelegation",
          "contentType": "databaseTable",
          "name": "UserDelegations",
          "summary": null
        },
        {
          "entityFullName": "Volo.Abp.Identity.IdentitySession",
          "contentType": "databaseTable",
          "name": "Sessions",
          "summary": null
        }
      ],
      "replacedDbContexts": [],
      "modelBuilderExtensionMethods": [
        {
          "returnType": "Void",
          "namespace": "Volo.Abp.Identity.EntityFrameworkCore",
          "name": "ConfigureIdentity",
          "summary": null,
          "isAsync": false,
          "isPublic": true,
          "isPrivate": false,
          "isStatic": true,
          "parameters": [
            {
              "type": "ModelBuilder",
              "name": "builder",
              "isOptional": false
            }
          ]
        }
      ],
      "implementingInterfaces": [
        {
          "name": "IInfrastructure<IServiceProvider>",
          "namespace": "Microsoft.EntityFrameworkCore.Infrastructure",
          "declaringAssemblyName": "Microsoft.EntityFrameworkCore",
          "fullName": "Microsoft.EntityFrameworkCore.Infrastructure.IInfrastructure<IServiceProvider>"
        },
        {
          "name": "IDbContextDependencies",
          "namespace": "Microsoft.EntityFrameworkCore.Internal",
          "declaringAssemblyName": "Microsoft.EntityFrameworkCore",
          "fullName": "Microsoft.EntityFrameworkCore.Internal.IDbContextDependencies"
        },
        {
          "name": "IDbSetCache",
          "namespace": "Microsoft.EntityFrameworkCore.Internal",
          "declaringAssemblyName": "Microsoft.EntityFrameworkCore",
          "fullName": "Microsoft.EntityFrameworkCore.Internal.IDbSetCache"
        },
        {
          "name": "IDbContextPoolable",
          "namespace": "Microsoft.EntityFrameworkCore.Internal",
          "declaringAssemblyName": "Microsoft.EntityFrameworkCore",
          "fullName": "Microsoft.EntityFrameworkCore.Internal.IDbContextPoolable"
        },
        {
          "name": "IResettableService",
          "namespace": "Microsoft.EntityFrameworkCore.Infrastructure",
          "declaringAssemblyName": "Microsoft.EntityFrameworkCore",
          "fullName": "Microsoft.EntityFrameworkCore.Infrastructure.IResettableService"
        },
        {
          "name": "IDisposable",
          "namespace": "System",
          "declaringAssemblyName": "System.Private.CoreLib",
          "fullName": "System.IDisposable"
        },
        {
          "name": "IAsyncDisposable",
          "namespace": "System",
          "declaringAssemblyName": "System.Private.CoreLib",
          "fullName": "System.IAsyncDisposable"
        },
        {
          "name": "IAbpEfCoreDbContext",
          "namespace": "Volo.Abp.EntityFrameworkCore",
          "declaringAssemblyName": "Volo.Abp.EntityFrameworkCore",
          "fullName": "Volo.Abp.EntityFrameworkCore.IAbpEfCoreDbContext"
        },
        {
          "name": "IEfCoreDbContext",
          "namespace": "Volo.Abp.EntityFrameworkCore",
          "declaringAssemblyName": "Volo.Abp.EntityFrameworkCore",
          "fullName": "Volo.Abp.EntityFrameworkCore.IEfCoreDbContext"
        },
        {
          "name": "IAbpEfCoreDbFunctionContext",
          "namespace": "Volo.Abp.EntityFrameworkCore.GlobalFilters",
          "declaringAssemblyName": "Volo.Abp.EntityFrameworkCore",
          "fullName": "Volo.Abp.EntityFrameworkCore.GlobalFilters.IAbpEfCoreDbFunctionContext"
        },
        {
          "name": "ITransientDependency",
          "namespace": "Volo.Abp.DependencyInjection",
          "declaringAssemblyName": "Volo.Abp.Core",
          "fullName": "Volo.Abp.DependencyInjection.ITransientDependency"
        },
        {
          "name": "IIdentityDbContext",
          "namespace": "Volo.Abp.Identity.EntityFrameworkCore",
          "declaringAssemblyName": "Volo.Abp.Identity.EntityFrameworkCore",
          "fullName": "Volo.Abp.Identity.EntityFrameworkCore.IIdentityDbContext"
        }
      ],
      "contentType": "efCoreDbContext",
      "name": "IdentityDbContext",
      "summary": "Base class for the Entity Framework database context used for identity."
    }
  ]
}