{
  "culture": "de",
  "texts": {
    "Permission:AuditLogging": "Audit-Protokollierung",
    "Permission:AuditLogs": "Audit-Protokolle",
    "Menu:AuditLogging": "Audit-Protokolle",
    "AuditLogs": "Audit-Protokolle",
    "HttpStatus": "HTTP-Status",
    "HttpMethod": "HTTP-Methode",
    "HttpMethodFilter": "HTTP-Methodenfilter",
    "HttpRequest": "HTTP-Anfrage",
    "User": "Benutzer",
    "UserNameFilter": "Benutzerfilter",
    "HasException": "Hat eine Ausnahme",
    "IpAddress": "IP Adresse",
    "Time": "Zeit",
    "Date": "Datum",
    "Duration": "Dauer",
    "Detail": "Detail",
    "Overall": "Gesamt",
    "Actions": "Aktionen",
    "ClientIpAddress": "Client-IP-Adresse",
    "ClientName": "Kundenname",
    "BrowserInfo": "Browserinformationen",
    "Url": "URL",
    "UserName": "Nutzername",
    "TenantImpersonator": "Mieter-Imitator",
    "UserImpersonator": "Benutzer-Imitator",
    "UrlFilter": "URL-Filter",
    "Exceptions": "Ausnahmen",
    "Comments": "Kommentare",
    "HttpStatusCode": "HTTP-Statuscode",
    "HttpStatusCodeFilter": "HTTP-Statuscodefilter",
    "ServiceName": "Service",
    "MethodName": "Methode",
    "CorrelationId": "Korrelations-ID",
    "ApplicationName": "Anwendungsname",
    "ExecutionDuration": "Dauer",
    "ExtraProperties": "Zusätzliche Eigenschaften",
    "MaxDuration": "Max. Dauer",
    "MinDuration": "Mindest. Dauer",
    "MinMaxDuration": "Dauer (Min. - Max.)",
    "{0}Milliseconds": "{0} Millisekunden",
    "ExecutionTime": "Zeit",
    "Parameters": "Parameter",
    "EntityTypeFullName": "Vollständiger Name des Entitätstyps",
    "Entity": "Juristische Person",
    "ChangeType": "Typ ändern",
    "ChangeTime": "Zeit",
    "NewValue": "Neuer Wert",
    "OriginalValue": "Originalwert",
    "PropertyName": "Name des Anwesens",
    "PropertyTypeFullName": "Vollständiger Name des Eigenschaftstyps",
    "Yes": "Ja",
    "No": "NEIN",
    "Changes": "Änderungen",
    "AverageExecutionDurationInLogsPerDay": "Durchschnittliche Ausführungsdauer",
    "AverageExecutionDurationInMilliseconds": "Durchschnittliche Ausführungsdauer in Millisekunden",
    "ErrorRateInLogs": "Fehlerrate in Protokollen",
    "Success": "Erfolg",
    "Fault": "Fehler",
    "NoChanges": "Keine Änderungen)",
    "EntityChanges": "Entitätsänderungen",
    "EntityId": "Entitäts-ID",
    "EntityChangeStartTime": "Min. Änderungsdatum",
    "EntityChangeEndTime": "Maximales Änderungsdatum",
    "EntityHistory": "Entitätsgeschichte",
    "DaysAgoTitle": "{0} {1}.",
    "DaysAgoWithUserTitle": "{0} {1} von {2}.",
    "Created": "Erstellt",
    "Updated": "Aktualisiert",
    "Deleted": "Gelöscht",
    "ChangeHistory": "Geschichte verändern",
    "FullChangeHistory": "Vollständiger Änderungsverlauf",
    "ChangeDetails": "Details ändern",
    "DurationMs": "Dauer (ms)",
    "StartDate": "Startdatum",
    "EndDate": "Endtermin",
    "Feature:AuditLoggingGroup": "Audit-Protokollierung",
    "Feature:AuditLoggingEnable": "Aktivierte Audit-Logging-Seite",
    "Feature:AuditLoggingEnableDescription": "Aktivieren Sie die Audit-Logging-Seite in der Anwendung.",
    "TenantId": "Mandanten-ID"
  }
}