{
  "culture": "fr",
  "texts": {
    "Permission:AuditLogging": "Journalisation d'audit",
    "Permission:AuditLogs": "Journaux d'audit",
    "Menu:AuditLogging": "Journaux d'audit",
    "AuditLogs": "Journaux d'audit",
    "HttpStatus": "État HTTP",
    "HttpMethod": "Méthode Http",
    "HttpMethodFilter": "Filtre de méthode Http",
    "HttpRequest": "Requête HTTP",
    "User": "Utilisateur",
    "UserNameFilter": "Filtre utilisateur",
    "HasException": "A une exception",
    "IpAddress": "Adresse IP",
    "Time": "Temps",
    "Date": "Date",
    "Duration": "Durée",
    "Detail": "Détail",
    "Overall": "Globalement",
    "Actions": "Actions",
    "ClientIpAddress": "Adresse IP du client",
    "ClientName": "Nom du client",
    "BrowserInfo": "Informations sur le navigateur",
    "Url": "URL",
    "UserName": "Nom d'utilisateur",
    "TenantImpersonator": "Imitateur de locataire",
    "UserImpersonator": "Imitateur d'utilisateur",
    "UrlFilter": "Filtre d'URL",
    "Exceptions": "Exceptions",
    "Comments": "commentaires",
    "HttpStatusCode": "Code d'état HTTP",
    "HttpStatusCodeFilter": "Filtre de code d'état HTTP",
    "ServiceName": "Un service",
    "MethodName": "Méthode",
    "CorrelationId": "ID de corrélation",
    "ApplicationName": "Nom de l'application",
    "ExecutionDuration": "Durée",
    "ExtraProperties": "Propriétés supplémentaires",
    "MaxDuration": "Max. Durée",
    "MinDuration": "Min. Durée",
    "MinMaxDuration": "Durée (Min. - Max.)",
    "{0}Milliseconds": "{0} millisecondes",
    "ExecutionTime": "Temps",
    "Parameters": "Paramètres",
    "EntityTypeFullName": "Type d'entité Nom complet",
    "Entity": "Entité",
    "ChangeType": "Changer le type",
    "ChangeTime": "Temps",
    "NewValue": "Nouvelle valeur",
    "OriginalValue": "Valeur d'origine",
    "PropertyName": "Nom de la propriété",
    "PropertyTypeFullName": "Type de propriété Nom complet",
    "Yes": "Oui",
    "No": "Non",
    "Changes": "Changements",
    "AverageExecutionDurationInLogsPerDay": "Durée moyenne d'exécution",
    "AverageExecutionDurationInMilliseconds": "Durée moyenne d'exécution en millisecondes",
    "ErrorRateInLogs": "Taux d'erreur dans les journaux",
    "Success": "Succès",
    "Fault": "Faute",
    "NoChanges": "Aucun changement)",
    "EntityChanges": "Changements d'entité",
    "EntityId": "ID d'entité",
    "EntityChangeStartTime": "Date de changement min.",
    "EntityChangeEndTime": "Date de changement max.",
    "EntityHistory": "Historique de l'entité",
    "DaysAgoTitle": "{0} {1}.",
    "DaysAgoWithUserTitle": "{0} {1} par {2}.",
    "Created": "Créé",
    "Updated": "Mise à jour",
    "Deleted": "Supprimé",
    "ChangeHistory": "Historique des modifications",
    "FullChangeHistory": "Historique complet des modifications",
    "ChangeDetails": "Modifier les détails",
    "DurationMs": "Durée (ms)",
    "StartDate": "Date de début",
    "EndDate": "Date de fin",
    "Feature:AuditLoggingGroup": "Journalisation d'audit",
    "Feature:AuditLoggingEnable": "Page de journalisation d'audit activée",
    "Feature:AuditLoggingEnableDescription": "Activez la page de journalisation d'audit dans l'application.",
    "TenantId": "ID du locataire"
  }
}