{
  "culture": "is",
  "texts": {
    "Permission:AuditLogging": "Endurskoðunarskráning",
    "Permission:AuditLogs": "Endurskoðunarskrár",
    "Menu:AuditLogging": "Endurskoðunarskrár",
    "AuditLogs": "Endurskoðunarskrár",
    "HttpStatus": "HTTP staða",
    "HttpMethod": "HTTP aðferð",
    "HttpMethodFilter": "HTTP aðferðasía",
    "HttpRequest": "HTTP beiðni",
    "User": "Notandi",
    "UserNameFilter": "Notendasía",
    "HasException": "Hefur undantekningu",
    "IpAddress": "IP tölu",
    "Time": "Tími",
    "Date": "Dagsetning",
    "Duration": "Lengd",
    "Detail": "Smáatriði",
    "Overall": "Á heildina litið",
    "Actions": "Aðgerðir",
    "ClientIpAddress": "IP tölu viðskiptavinar",
    "ClientName": "Nafn viðskiptavinar",
    "BrowserInfo": "Upplýsingar um vafra",
    "Url": "URL",
    "UserName": "Notandanafn",
    "TenantImpersonator": "Leigjandi eftirherma",
    "UserImpersonator": "User Imitator",
    "UrlFilter": "URL sía",
    "Exceptions": "Undantekningar",
    "Comments": "Athugasemdir",
    "HttpStatusCode": "HTTP stöðukóði",
    "HttpStatusCodeFilter": "HTTP stöðukóðasía",
    "ServiceName": "Þjónusta",
    "MethodName": "Aðferð",
    "CorrelationId": "Fylgni auðkenni",
    "ApplicationName": "Nafn umsóknar",
    "ExecutionDuration": "Lengd",
    "ExtraProperties": "Auka eignir",
    "MaxDuration": "Hámark Lengd",
    "MinDuration": "Min. Lengd",
    "MinMaxDuration": "Lengd (lágmark - hámark)",
    "{0}Milliseconds": "{0} millisekúndur",
    "ExecutionTime": "Tími",
    "Parameters": "Færibreytur",
    "EntityTypeFullName": "Tegund eininga fullt nafn",
    "Entity": "Eining",
    "ChangeType": "Breyta gerð",
    "ChangeTime": "Tími",
    "NewValue": "Nýtt gildi",
    "OriginalValue": "Upprunalegt gildi",
    "PropertyName": "Nafn eignar",
    "PropertyTypeFullName": "Tegund eignar fullt nafn",
    "Yes": "Já",
    "No": "Nei",
    "Changes": "Breytingar",
    "AverageExecutionDurationInLogsPerDay": "Meðaltími framkvæmdar",
    "AverageExecutionDurationInMilliseconds": "Meðallengd framkvæmdar í millisekúndum",
    "ErrorRateInLogs": "Villuhlutfall í annálum",
    "Success": "Árangur",
    "Fault": "Að kenna",
    "NoChanges": "Engar breytingar",
    "EntityChanges": "Breytingar á einingum",
    "EntityId": "Auðkenni aðila",
    "EntityChangeStartTime": "Minn breytingadagsetning",
    "EntityChangeEndTime": "Hámarksbreytingardagsetning",
    "EntityHistory": "Saga eininga",
    "DaysAgoTitle": "{0} {1}.",
    "DaysAgoWithUserTitle": "{0} {1} eftir {2}.",
    "Created": "Búið til",
    "Updated": "Uppfært",
    "Deleted": "Eytt",
    "ChangeHistory": "Breytingaferill",
    "FullChangeHistory": "Full breytingasaga",
    "ChangeDetails": "Breyta upplýsingum",
    "DurationMs": "Lengd (ms)",
    "StartDate": "Upphafsdagur",
    "EndDate": "Loka dagsetning",
    "Feature:AuditLoggingGroup": "Endurskoðunarskráning",
    "Feature:AuditLoggingEnable": "Virkjað endurskoðunarskráningarsíða",
    "Feature:AuditLoggingEnableDescription": "Virkjaðu endurskoðunarskráningarsíðu í forritinu.",
    "TenantId": "Leigutakaauðkenni"
  }
}