{
  "culture": "nl",
  "texts": {
    "Permission:AuditLogging": "Auditregistratie",
    "Permission:AuditLogs": "Auditlogboeken",
    "Menu:AuditLogging": "Auditlogboeken",
    "AuditLogs": "Auditlogboeken",
    "HttpStatus": "HTTP-status",
    "HttpMethod": "HTTP-methode",
    "HttpMethodFilter": "HTTP-methodefilter",
    "HttpRequest": "HTTP-verzoek",
    "User": "Gebruiker",
    "UserNameFilter": "Gebruikersfilter",
    "HasException": "Heeft uitzondering",
    "IpAddress": "IP adres",
    "Time": "Tijd",
    "Date": "Datum",
    "Duration": "Duur",
    "Detail": "Detail",
    "Overall": "Algemeen",
    "Actions": "Acties",
    "ClientIpAddress": "IP-adres van de klant",
    "ClientName": "klantnaam",
    "BrowserInfo": "Browserinfo",
    "Url": "URL",
    "UserName": "Gebruikersnaam",
    "TenantImpersonator": "Huurder imitator",
    "UserImpersonator": "Gebruiker imitator",
    "UrlFilter": "URL-filter",
    "Exceptions": "Uitzonderingen",
    "Comments": "Opmerkingen",
    "HttpStatusCode": "HTTP-statuscode",
    "HttpStatusCodeFilter": "HTTP-statuscodefilter",
    "ServiceName": "Dienst",
    "MethodName": "Methode",
    "CorrelationId": "Correlatie-ID",
    "ApplicationName": "Naam van de toepassing",
    "ExecutionDuration": "Duur",
    "ExtraProperties": "Extra eigenschappen",
    "MaxDuration": "Max. Duur",
    "MinDuration": "Min. Duur",
    "MinMaxDuration": "Duur (Min. - Max.)",
    "{0}Milliseconds": "{0} milliseconden",
    "ExecutionTime": "Tijd",
    "Parameters": "Parameters",
    "EntityTypeFullName": "Entiteitstype Volledige naam",
    "Entity": "Entiteit",
    "ChangeType": "Van type veranderen",
    "ChangeTime": "Tijd",
    "NewValue": "Nieuwe waarde",
    "OriginalValue": "Originele waarde",
    "PropertyName": "Eigendomsnaam",
    "PropertyTypeFullName": "Eigendomstype Volledige naam",
    "Yes": "Ja",
    "No": "Nee",
    "Changes": "Veranderingen",
    "AverageExecutionDurationInLogsPerDay": "Gemiddelde uitvoeringsduur",
    "AverageExecutionDurationInMilliseconds": "Gemiddelde uitvoeringsduur in milliseconden",
    "ErrorRateInLogs": "Foutpercentage in logboeken",
    "Success": "Succes",
    "Fault": "Schuld",
    "NoChanges": "Geen veranderingen)",
    "EntityChanges": "Entiteitswijzigingen",
    "EntityId": "Entiteits-ID",
    "EntityChangeStartTime": "Min. wijzigingsdatum",
    "EntityChangeEndTime": "Maximale wijzigingsdatum",
    "EntityHistory": "Entiteitsgeschiedenis",
    "DaysAgoTitle": "{0} {1}.",
    "DaysAgoWithUserTitle": "{0} {1} door {2}.",
    "Created": "Gemaakt",
    "Updated": "Bijgewerkt",
    "Deleted": "Verwijderd",
    "ChangeHistory": "verander geschiedenis",
    "FullChangeHistory": "Volledige wijzigingsgeschiedenis",
    "ChangeDetails": "Wijzig details",
    "DurationMs": "Duur (ms)",
    "StartDate": "Begin datum",
    "EndDate": "Einddatum",
    "Feature:AuditLoggingGroup": "Auditregistratie",
    "Feature:AuditLoggingEnable": "Pagina voor auditregistratie ingeschakeld",
    "Feature:AuditLoggingEnableDescription": "Schakel de auditlogboekpagina in de applicatie in.",
    "TenantId": "Huurder-ID"
  }
}