{
  "culture": "pt-BR",
  "texts": {
    "Permission:AuditLogging": "Registro de auditoria",
    "Permission:AuditLogs": "Logs de auditoria",
    "Menu:AuditLogging": "Logs de auditoria",
    "AuditLogs": "Logs de auditoria",
    "HttpStatus": "Status Http",
    "HttpMethod": "Método Http",
    "HttpMethodFilter": "Filtro de Método Http",
    "HttpRequest": "Pedido Http",
    "User": "Usuário",
    "UserNameFilter": "Filtro de Usuário",
    "HasException": "Tem exceção",
    "IpAddress": "Endereço de IP",
    "Time": "Tempo",
    "Date": "Encontro",
    "Duration": "Duração",
    "Detail": "Detalhe",
    "Overall": "No geral",
    "Actions": "Ações",
    "ClientIpAddress": "Endereço IP do cliente",
    "ClientName": "Nome do cliente",
    "BrowserInfo": "Informação do navegador",
    "Url": "Url",
    "UserName": "Nome do usuário",
    "TenantImpersonator": "Inquilino Imitador",
    "UserImpersonator": "Imitador de usuário",
    "UrlFilter": "Filtro de Url",
    "Exceptions": "Exceções",
    "Comments": "Comentários",
    "HttpStatusCode": "Código de status Http",
    "HttpStatusCodeFilter": "Filtro de código de status Http",
    "ServiceName": "Serviço",
    "MethodName": "Método",
    "CorrelationId": "Id de Correlação",
    "ApplicationName": "Nome da Aplicação",
    "ExecutionDuration": "Duração",
    "ExtraProperties": "Propriedades extras",
    "MaxDuration": "Máx. Duração",
    "MinDuration": "Min. Duração",
    "MinMaxDuration": "Duração (Mín. - Máx.)",
    "{0}Milliseconds": "{0} milissegundos",
    "ExecutionTime": "Tempo",
    "Parameters": "Parâmetros",
    "EntityTypeFullName": "Nome completo do tipo da entidade",
    "Entity": "Entidade",
    "ChangeType": "Tipo de mudança",
    "ChangeTime": "Tempo",
    "NewValue": "Novo valor",
    "OriginalValue": "Valor original",
    "PropertyName": "Nome da propriedade",
    "PropertyTypeFullName": "Nome completo do tipo da propriedade",
    "Yes": "Sim",
    "No": "Não",
    "Changes": "Mudanças",
    "AverageExecutionDurationInLogsPerDay": "Duração média de execução",
    "AverageExecutionDurationInMilliseconds": "Duração média de execução em milissegundos",
    "ErrorRateInLogs": "Taxa de erros em registros",
    "Success": "Sucesso",
    "Fault": "Falha",
    "NoChanges": "Sem mudança(s)",
    "EntityChanges": "Mudanças da Entidade",
    "EntityId": "Id da Entidade",
    "EntityChangeStartTime": "Data Mínima de Mudança",
    "EntityChangeEndTime": "Data Máxima de Mudança",
    "EntityHistory": "História da Entidade",
    "DaysAgoTitle": "{0} {1}.",
    "DaysAgoWithUserTitle": "{0} {1} por {2}.",
    "Created": "Criado",
    "Updated": "Atualizado",
    "Deleted": "Excluído",
    "ChangeHistory": "Histórico de Mudanças",
    "FullChangeHistory": "Histórico Completo de Mudanças",
    "ChangeDetails": "Detalhes de mudança",
    "DurationMs": "Duração (ms)",
    "StartDate": "Data inicial",
    "EndDate": "Data final",
    "Feature:AuditLoggingGroup": "Registro de auditoria",
    "Feature:AuditLoggingEnable": "Página de registro de auditoria habilitada",
    "Feature:AuditLoggingEnableDescription": "Habilite a página de registro de auditoria no aplicativo.",
    "TenantId": "ID do inquilino"
  }
}