{
  "culture": "vi",
  "texts": {
    "Permission:AuditLogging": "Ghi nhật ký kiểm tra",
    "Permission:AuditLogs": "Nhật ký kiểm tra",
    "Menu:AuditLogging": "Nhật ký kiểm tra",
    "AuditLogs": "Nhật ký kiểm tra",
    "HttpStatus": "Trạng thái HTTP",
    "HttpMethod": "Phương thức HTTP",
    "HttpMethodFilter": "Bộ lọc phương thức HTTP",
    "HttpRequest": "Yêu cầu HTTP",
    "User": "Người dùng",
    "UserNameFilter": "Bộ lọc người dùng",
    "HasException": "Có ngoại lệ",
    "IpAddress": "Địa chỉ IP",
    "Time": "Thời gian",
    "Date": "Ngày",
    "Duration": "Khoảng thời gian",
    "Detail": "Chi tiết",
    "Overall": "Tổng thể",
    "Actions": "hành động",
    "ClientIpAddress": "Địa chỉ IP của khách hàng",
    "ClientName": "Tên khách hàng",
    "BrowserInfo": "Thông tin trình duyệt",
    "Url": "URL",
    "UserName": "Tên tài khoản",
    "TenantImpersonator": "Người mạo danh người thuê nhà",
    "UserImpersonator": "Người mạo danh người dùng",
    "UrlFilter": "Bộ lọc URL",
    "Exceptions": "Ngoại lệ",
    "Comments": "Bình luận",
    "HttpStatusCode": "Mã trạng thái HTTP",
    "HttpStatusCodeFilter": "Bộ lọc mã trạng thái HTTP",
    "ServiceName": "Dịch vụ",
    "MethodName": "Phương pháp",
    "CorrelationId": "Id tương quan",
    "ApplicationName": "Tên ứng dụng",
    "ExecutionDuration": "Khoảng thời gian",
    "ExtraProperties": "Thuộc tính bổ sung",
    "MaxDuration": "Tối đa. Khoảng thời gian",
    "MinDuration": "Tối thiểu. Khoảng thời gian",
    "MinMaxDuration": "Thời lượng (Tối thiểu - Tối đa)",
    "{0}Milliseconds": "{0} mili giây",
    "ExecutionTime": "Thời gian",
    "Parameters": "Thông số",
    "EntityTypeFullName": "Loại thực thể Tên đầy đủ",
    "Entity": "Thực thể",
    "ChangeType": "Đổi loại",
    "ChangeTime": "Thời gian",
    "NewValue": "Giá trị mới",
    "OriginalValue": "Giá trị gốc",
    "PropertyName": "Tên tài sản",
    "PropertyTypeFullName": "Loại tài sản Tên đầy đủ",
    "Yes": "Đúng",
    "No": "KHÔNG",
    "Changes": "Thay đổi",
    "AverageExecutionDurationInLogsPerDay": "Thời gian thực hiện trung bình",
    "AverageExecutionDurationInMilliseconds": "Thời gian thực hiện trung bình tính bằng mili giây",
    "ErrorRateInLogs": "Tỷ lệ lỗi trong nhật ký",
    "Success": "Thành công",
    "Fault": "Lỗi",
    "NoChanges": "Không thay đổi)",
    "EntityChanges": "Thay đổi thực thể",
    "EntityId": "ID phap nhân",
    "EntityChangeStartTime": "Ngày thay đổi tối thiểu",
    "EntityChangeEndTime": "Ngày thay đổi tối đa",
    "EntityHistory": "Lịch sử thực thể",
    "DaysAgoTitle": "{0} {1}.",
    "DaysAgoWithUserTitle": "{0} {1} của {2}.",
    "Created": "Tạo",
    "Updated": "Đã cập nhật",
    "Deleted": "Đã xóa",
    "ChangeHistory": "thay đổi lịch sử",
    "FullChangeHistory": "Lịch sử thay đổi hoàn toàn",
    "ChangeDetails": "Thay đổi chi tiết",
    "DurationMs": "Thời lượng (ms)",
    "StartDate": "Ngày bắt đầu",
    "EndDate": "Ngày cuối",
    "Feature:AuditLoggingGroup": "Ghi nhật ký kiểm tra",
    "Feature:AuditLoggingEnable": "Đã bật trang ghi nhật ký kiểm tra",
    "Feature:AuditLoggingEnableDescription": "Kích hoạt trang ghi nhật ký kiểm tra trong ứng dụng.",
    "TenantId": "ID người thuê"
  }
}