{
  "name": "Volo.Abp.IdentityServer.EntityFrameworkCore",
  "hash": "",
  "contents": [
    {
      "namespace": "Volo.Abp.IdentityServer.EntityFrameworkCore",
      "dependsOnModules": [
        {
          "declaringAssemblyName": "Volo.Abp.IdentityServer.Domain",
          "namespace": "Volo.Abp.IdentityServer",
          "name": "AbpIdentityServerDomainModule"
        },
        {
          "declaringAssemblyName": "Volo.Abp.EntityFrameworkCore",
          "namespace": "Volo.Abp.EntityFrameworkCore",
          "name": "AbpEntityFrameworkCoreModule"
        }
      ],
      "implementingInterfaces": [
        {
          "name": "IAbpModule",
          "namespace": "Volo.Abp.Modularity",
          "declaringAssemblyName": "Volo.Abp.Core",
          "fullName": "Volo.Abp.Modularity.IAbpModule"
        },
        {
          "name": "IOnPreApplicationInitialization",
          "namespace": "Volo.Abp.Modularity",
          "declaringAssemblyName": "Volo.Abp.Core",
          "fullName": "Volo.Abp.Modularity.IOnPreApplicationInitialization"
        },
        {
          "name": "IOnApplicationInitialization",
          "namespace": "Volo.Abp",
          "declaringAssemblyName": "Volo.Abp.Core",
          "fullName": "Volo.Abp.IOnApplicationInitialization"
        },
        {
          "name": "IOnPostApplicationInitialization",
          "namespace": "Volo.Abp.Modularity",
          "declaringAssemblyName": "Volo.Abp.Core",
          "fullName": "Volo.Abp.Modularity.IOnPostApplicationInitialization"
        },
        {
          "name": "IOnApplicationShutdown",
          "namespace": "Volo.Abp",
          "declaringAssemblyName": "Volo.Abp.Core",
          "fullName": "Volo.Abp.IOnApplicationShutdown"
        },
        {
          "name": "IPreConfigureServices",
          "namespace": "Volo.Abp.Modularity",
          "declaringAssemblyName": "Volo.Abp.Core",
          "fullName": "Volo.Abp.Modularity.IPreConfigureServices"
        },
        {
          "name": "IPostConfigureServices",
          "namespace": "Volo.Abp.Modularity",
          "declaringAssemblyName": "Volo.Abp.Core",
          "fullName": "Volo.Abp.Modularity.IPostConfigureServices"
        }
      ],
      "contentType": "abpModule",
      "name": "AbpIdentityServerEntityFrameworkCoreModule",
      "summary": null
    },
    {
      "namespace": "Volo.Abp.IdentityServer.EntityFrameworkCore",
      "connectionStringName": "AbpIdentityServer",
      "databaseTables": [
        {
          "entityFullName": "Volo.Abp.IdentityServer.ApiResources.ApiResource",
          "contentType": "databaseTable",
          "name": "ApiResources",
          "summary": null
        },
        {
          "entityFullName": "Volo.Abp.IdentityServer.ApiResources.ApiResourceSecret",
          "contentType": "databaseTable",
          "name": "ApiResourceSecrets",
          "summary": null
        },
        {
          "entityFullName": "Volo.Abp.IdentityServer.ApiResources.ApiResourceClaim",
          "contentType": "databaseTable",
          "name": "ApiResourceClaims",
          "summary": null
        },
        {
          "entityFullName": "Volo.Abp.IdentityServer.ApiResources.ApiResourceScope",
          "contentType": "databaseTable",
          "name": "ApiResourceScopes",
          "summary": null
        },
        {
          "entityFullName": "Volo.Abp.IdentityServer.ApiResources.ApiResourceProperty",
          "contentType": "databaseTable",
          "name": "ApiResourceProperties",
          "summary": null
        },
        {
          "entityFullName": "Volo.Abp.IdentityServer.ApiScopes.ApiScope",
          "contentType": "databaseTable",
          "name": "ApiScopes",
          "summary": null
        },
        {
          "entityFullName": "Volo.Abp.IdentityServer.ApiScopes.ApiScopeClaim",
          "contentType": "databaseTable",
          "name": "ApiScopeClaims",
          "summary": null
        },
        {
          "entityFullName": "Volo.Abp.IdentityServer.ApiScopes.ApiScopeProperty",
          "contentType": "databaseTable",
          "name": "ApiScopeProperties",
          "summary": null
        },
        {
          "entityFullName": "Volo.Abp.IdentityServer.IdentityResources.IdentityResource",
          "contentType": "databaseTable",
          "name": "IdentityResources",
          "summary": null
        },
        {
          "entityFullName": "Volo.Abp.IdentityServer.IdentityResources.IdentityResourceClaim",
          "contentType": "databaseTable",
          "name": "IdentityClaims",
          "summary": null
        },
        {
          "entityFullName": "Volo.Abp.IdentityServer.IdentityResources.IdentityResourceProperty",
          "contentType": "databaseTable",
          "name": "IdentityResourceProperties",
          "summary": null
        },
        {
          "entityFullName": "Volo.Abp.IdentityServer.Clients.Client",
          "contentType": "databaseTable",
          "name": "Clients",
          "summary": null
        },
        {
          "entityFullName": "Volo.Abp.IdentityServer.Clients.ClientGrantType",
          "contentType": "databaseTable",
          "name": "ClientGrantTypes",
          "summary": null
        },
        {
          "entityFullName": "Volo.Abp.IdentityServer.Clients.ClientRedirectUri",
          "contentType": "databaseTable",
          "name": "ClientRedirectUris",
          "summary": null
        },
        {
          "entityFullName": "Volo.Abp.IdentityServer.Clients.ClientPostLogoutRedirectUri",
          "contentType": "databaseTable",
          "name": "ClientPostLogoutRedirectUris",
          "summary": null
        },
        {
          "entityFullName": "Volo.Abp.IdentityServer.Clients.ClientScope",
          "contentType": "databaseTable",
          "name": "ClientScopes",
          "summary": null
        },
        {
          "entityFullName": "Volo.Abp.IdentityServer.Clients.ClientSecret",
          "contentType": "databaseTable",
          "name": "ClientSecrets",
          "summary": null
        },
        {
          "entityFullName": "Volo.Abp.IdentityServer.Clients.ClientClaim",
          "contentType": "databaseTable",
          "name": "ClientClaims",
          "summary": null
        },
        {
          "entityFullName": "Volo.Abp.IdentityServer.Clients.ClientIdPRestriction",
          "contentType": "databaseTable",
          "name": "ClientIdPRestrictions",
          "summary": null
        },
        {
          "entityFullName": "Volo.Abp.IdentityServer.Clients.ClientCorsOrigin",
          "contentType": "databaseTable",
          "name": "ClientCorsOrigins",
          "summary": null
        },
        {
          "entityFullName": "Volo.Abp.IdentityServer.Clients.ClientProperty",
          "contentType": "databaseTable",
          "name": "ClientProperties",
          "summary": null
        },
        {
          "entityFullName": "Volo.Abp.IdentityServer.Grants.PersistedGrant",
          "contentType": "databaseTable",
          "name": "PersistedGrants",
          "summary": null
        },
        {
          "entityFullName": "Volo.Abp.IdentityServer.Devices.DeviceFlowCodes",
          "contentType": "databaseTable",
          "name": "DeviceFlowCodes",
          "summary": null
        }
      ],
      "replacedDbContexts": [],
      "modelBuilderExtensionMethods": [
        {
          "returnType": "Void",
          "namespace": "Volo.Abp.IdentityServer.EntityFrameworkCore",
          "name": "ConfigureIdentityServer",
          "summary": null,
          "isAsync": false,
          "isPublic": true,
          "isPrivate": false,
          "isStatic": true,
          "parameters": [
            {
              "type": "ModelBuilder",
              "name": "builder",
              "isOptional": false
            }
          ]
        }
      ],
      "implementingInterfaces": [
        {
          "name": "IInfrastructure<IServiceProvider>",
          "namespace": "Microsoft.EntityFrameworkCore.Infrastructure",
          "declaringAssemblyName": "Microsoft.EntityFrameworkCore",
          "fullName": "Microsoft.EntityFrameworkCore.Infrastructure.IInfrastructure<IServiceProvider>"
        },
        {
          "name": "IDbContextDependencies",
          "namespace": "Microsoft.EntityFrameworkCore.Internal",
          "declaringAssemblyName": "Microsoft.EntityFrameworkCore",
          "fullName": "Microsoft.EntityFrameworkCore.Internal.IDbContextDependencies"
        },
        {
          "name": "IDbSetCache",
          "namespace": "Microsoft.EntityFrameworkCore.Internal",
          "declaringAssemblyName": "Microsoft.EntityFrameworkCore",
          "fullName": "Microsoft.EntityFrameworkCore.Internal.IDbSetCache"
        },
        {
          "name": "IDbContextPoolable",
          "namespace": "Microsoft.EntityFrameworkCore.Internal",
          "declaringAssemblyName": "Microsoft.EntityFrameworkCore",
          "fullName": "Microsoft.EntityFrameworkCore.Internal.IDbContextPoolable"
        },
        {
          "name": "IResettableService",
          "namespace": "Microsoft.EntityFrameworkCore.Infrastructure",
          "declaringAssemblyName": "Microsoft.EntityFrameworkCore",
          "fullName": "Microsoft.EntityFrameworkCore.Infrastructure.IResettableService"
        },
        {
          "name": "IDisposable",
          "namespace": "System",
          "declaringAssemblyName": "System.Private.CoreLib",
          "fullName": "System.IDisposable"
        },
        {
          "name": "IAsyncDisposable",
          "namespace": "System",
          "declaringAssemblyName": "System.Private.CoreLib",
          "fullName": "System.IAsyncDisposable"
        },
        {
          "name": "IAbpEfCoreDbContext",
          "namespace": "Volo.Abp.EntityFrameworkCore",
          "declaringAssemblyName": "Volo.Abp.EntityFrameworkCore",
          "fullName": "Volo.Abp.EntityFrameworkCore.IAbpEfCoreDbContext"
        },
        {
          "name": "IEfCoreDbContext",
          "namespace": "Volo.Abp.EntityFrameworkCore",
          "declaringAssemblyName": "Volo.Abp.EntityFrameworkCore",
          "fullName": "Volo.Abp.EntityFrameworkCore.IEfCoreDbContext"
        },
        {
          "name": "IAbpEfCoreDbFunctionContext",
          "namespace": "Volo.Abp.EntityFrameworkCore.GlobalFilters",
          "declaringAssemblyName": "Volo.Abp.EntityFrameworkCore",
          "fullName": "Volo.Abp.EntityFrameworkCore.GlobalFilters.IAbpEfCoreDbFunctionContext"
        },
        {
          "name": "ITransientDependency",
          "namespace": "Volo.Abp.DependencyInjection",
          "declaringAssemblyName": "Volo.Abp.Core",
          "fullName": "Volo.Abp.DependencyInjection.ITransientDependency"
        },
        {
          "name": "IIdentityServerDbContext",
          "namespace": "Volo.Abp.IdentityServer.EntityFrameworkCore",
          "declaringAssemblyName": "Volo.Abp.IdentityServer.EntityFrameworkCore",
          "fullName": "Volo.Abp.IdentityServer.EntityFrameworkCore.IIdentityServerDbContext"
        }
      ],
      "contentType": "efCoreDbContext",
      "name": "IdentityServerDbContext",
      "summary": null
    }
  ]
}