{
  "culture": "en",
  "texts": {
    "AppName": "MultiLangRoute",
    "Welcome_Title": "Welcome",
    "Welcome_Text": "This is a minimalist, single layer application startup template for the ABP Framework.",
    "Menu:MultiLangRoute": "Book Store",
    "Menu:Books": "Books",
    "Actions": "Actions",
    "Close": "Close",
    "Delete": "Delete",
    "Edit": "Edit",
    "PublishDate": "Publish date",
    "NewBook": "New book",
    "Name": "Name",
    "Type": "Type",
    "Price": "Price",
    "CreationTime": "Creation time",
    "AreYouSure": "Are you sure?",
    "AreYouSureToDelete": "Are you sure you want to delete this item?",
    "BookDeletionConfirmationMessage": "Are you sure to delete the book '{0}'?",
    "SuccessfullyDeleted": "Successfully deleted!",
    "Enum:BookType.0": "Undefined",
    "Enum:BookType.1": "Adventure",
    "Enum:BookType.2": "Biography",
    "Enum:BookType.3": "Dystopia",
    "Enum:BookType.4": "Fantastic",
    "Enum:BookType.5": "Horror",
    "Enum:BookType.6": "Science",
    "Enum:BookType.7": "Science fiction",
    "Enum:BookType.8": "Poetry",
    "Permission:MultiLangRoute": "Book Store",
    "Permission:Books": "Book Management",
    "Permission:Books.Create": "Creating new books",
    "Permission:Books.Edit": "Editing the books",
    "Permission:Books.Delete": "Deleting the books",
    "Menu:Home": "Home"
  }
}
