{
	"Culture": "sv",
	"Texts": {
	  "AppName": "MultiLangRoute",
	  "Menu:ContactUs": "Kontakta oss",
	  "Menu:ArticleSample": "Artikelexempel",
	  "Home": "Hem",
	  "Date": "Datum",
	  "Permission:Dashboard": "Dashboard",
	  "Menu:Dashboard": "Dashboard",
	  "Menu:HomePage": "Hemsida",
	  "Dashboard": "Dashboard",
	  "ExternalProvider:Google": "Google",
	  "ExternalProvider:Google:ClientId": "Klient-ID",
	  "ExternalProvider:Google:ClientSecret": "Klienthemlighet",
	  "ExternalProvider:Microsoft": "Microsoft",
	  "ExternalProvider:Microsoft:ClientId": "Klient-ID",
	  "ExternalProvider:Microsoft:ClientSecret": "Klienthemlighet",
	  "ExternalProvider:Twitter": "Twitter (X)",
	  "ExternalProvider:Twitter:ConsumerKey": "Konsumentnyckel",
	  "ExternalProvider:Twitter:ConsumerSecret": "Konsumenthemlighet",
	  "NewsletterHeader": "Prenumerera på nyhetsbrevet!",
	  "NewsletterInfo": "Få information om de senaste händelserna.",
	  "NewsletterPreference_Default": "Standardnyhetsbrev",
	  "NewsletterPrivacyAcceptMessage": "Jag accepterar <a href='/privacy-policy'>Sekretesspolicy</a>.",
	  "Language": "Språk",
	  "Search": "Söka",
	  "LoadMore": "Ladda mer",
	  "Settings": "Inställningar",
	  "Theme": "Tema",
	  "DeviceTheme": "Enhetstema",
	  "Dark": "Mörk",
	  "Light": "Ljus",
	  "Unspecified": "System",
	  "SeeAllUsers": "Se Alla användare",
	  "TakePhoto": "Ta foto",
	  "ChoosePhoto": "Välj Foto",
	  "Menu:Home": "Hem",
	  "LongWelcomeMessage": "Välkommen till ansökan. ",
	  "Welcome": "Välkomna"
	}
  }